Symbol,Current Price,Date,Time,Change,Open,High,Low,Volume,Trade Date,Purchase Price,Quantity,Commission,High Limit,Low Limit,Comment
A,164.3,2021/11/19,16:02 EST,2.1399994,163.01,165.07,162.67,1647657,,,,,,,
AA,47.6,2021/11/19,16:00 EST,-0.10000229,47.31,48.08,46.69,5644176,,,,,,,
AAL,19.28,2021/11/19,16:00 EST,-0.1099987,19.14,19.44,18.94,31259844,,,,,,,
AAPL,160.55,2021/11/19,16:00 EST,2.680008,157.65,161.02,156.5328,117305597,,,,,,,
ABNB,196.42,2021/11/19,16:00 EST,-7.9100037,196.6,199.32,190.5001,8185488,,,,,,,
AC.TO,23.55,2021/11/19,16:00 EST,-0.59000015,23.85,24.13,23.51,2533689,,,,,,,
ACI,33.77,2021/11/19,16:00 EST,-0.9599991,34.88,35.0,33.68,921594,,,,,,,
ADBE,688.37,2021/11/19,16:00 EST,17.409973,681.26,699.5,678.91,3093812,,,,,,,
ADSK,322.52,2021/11/19,16:00 EST,0.33999634,325.58,327.13,321.64,1355448,,,,,,,
AFRM,136.16,2021/11/19,16:00 EST,-2.9700012,137.89,139.12,133.45,10616454,,,,,,,
AI,39.91,2021/11/19,16:00 EST,-1.0299988,40.9,41.06,39.334,4670147,,,,,,,
AMAT,150.03,2021/11/19,16:00 EST,-8.710007,150.9741,156.45,149.74,16035796,,,,,,,
AMC,40.87,2021/11/19,16:00 EST,0.45999908,40.2,41.3799,39.66,20692331,,,,,,,
AMD,155.41,2021/11/19,16:00 EST,0.3899994,155.76,156.91,153.445,41668862,,,,,,,
AMZN,3676.57,2021/11/19,16:00 EST,-19.48999,3712.69,3762.145,3675.72,4946213,,,,,,,
APD,297.74,2021/11/19,16:00 EST,1.5,296.24,299.55,294.48,1091158,,,,,,,
API,22.7,2021/11/19,16:00 EST,-0.8299999,23.56,23.8125,22.68,996417,,,,,,,
ARKK,113.24,2021/11/19,16:00 EST,-0.58000183,114.29,115.3,113.01,5806108,,,,,,,
ARKX,20.455,2021/11/19,15:59 EST,-0.184999,20.58,20.6402,20.4493,196312,,,,,,,
ARVL,10.5,2021/11/19,16:00 EST,0.59000015,9.92,10.84,9.8605,32604181,,,,,,,
ASML,857.17,2021/11/19,16:00 EST,-21.950012,866.85,867.55,854.47,778512,,,,,,,
ATVI,62.38,2021/11/19,16:00 EST,-0.2899971,63.75,64.08,62.17,14493285,,,,,,,
AXP,173.54,2021/11/19,16:04 EST,-2.6700134,173.73,175.265,171.84,4456843,,,,,,,
AYX,66.74,2021/11/19,16:00 EST,-1.6600037,68.61,69.99,66.5,751369,,,,,,,
AZO,1859.68,2021/11/19,16:00 EST,-16.169922,1886.9,1886.9,1856.985,206673,,,,,,,
BA,214.13,2021/11/19,16:00 EST,-13.119995,225.07,225.33,213.23,20844074,,,,,,,
BABA,140.34,2021/11/19,16:00 EST,-3.2600098,143.04,145.06,140.0,28575742,,,,,,,
BAC,45.4,2021/11/19,16:00 EST,-0.91999817,45.702,45.77,44.83,48429479,,,,,,,
BCS,10.42,2021/11/19,16:00 EST,-0.30999947,10.48,10.5,10.38,2871862,,,,,,,
BILL,318.17,2021/11/19,16:00 EST,4.1700134,317.87,329.67,314.12,1749500,,,,,,,
BLNK,43.08,2021/11/19,16:00 EST,0.91000366,42.59,45.06,42.51,4087673,,,,,,,
BMBL,36.38,2021/11/19,16:00 EST,-1.5900002,37.91,38.09,36.105,1543862,,,,,,,
BMY,57.83,2021/11/19,16:00 EST,-1.2099991,59.13,59.42,57.8,13881067,,,,,,,
BRK-B,279.99,2021/11/19,16:04 EST,-0.64001465,280.96,280.97,278.01,4542009,,,,,,,
BTC-CAD,75225.266,2021/11/21,21:23 UTC,-414.9922,75457.93,75721.445,74133.625,32205357056,,,,,,,
BYND,77.53,2021/11/19,16:00 EST,-0.8499985,77.24,79.4,76.9,3144927,,,,,,,
C,66.34,2021/11/19,16:02 EST,-0.7700043,66.12,66.4202,65.23,19775842,,,,,,,
CAE,27.86,2021/11/19,16:00 EST,-0.43999863,28.11,28.22,27.75,297629,,,,,,,
CAKE,41.5,2021/11/19,16:00 EST,-0.59000015,41.58,41.64,40.745,856207,,,,,,,
CAR,286.3,2021/11/19,16:00 EST,8.349976,270.87,289.23,268.57,961383,,,,,,,
CAT,200.44,2021/11/19,16:00 EST,-0.9799957,200.92,202.92,199.66,2980754,,,,,,,
CCJ,25.29,2021/11/19,16:00 EST,-1.3499985,25.99,26.16,25.18,7759523,,,,,,,
CCL,20.49,2021/11/19,16:00 EST,-0.460001,20.36,20.9,19.86,49148679,,,,,,,
CFLT,79.75,2021/11/19,16:00 EST,-0.41000366,80.09,85.32,79.35,2565092,,,,,,,
CGC,12.18,2021/11/19,16:00 EST,-0.17000008,12.64,12.77,11.99,10296101,,,,,,,
CHPT,26.9,2021/11/19,16:00 EST,0.77000046,25.93,27.199,25.83,6840026,,,,,,,
CHWY,72.92,2021/11/19,16:00 EST,0.0,73.6,75.68,72.9,2732360,,,,,,,
CI,210.51,2021/11/19,16:00 EST,-8.2400055,218.4,218.4,208.89,2981403,,,,,,,
CLDR,15.99,2021/10/07,16:00 EDT,0.0100002,15.98,16.0,15.98,13303513,,,,,,,
CMI,223.89,2021/11/19,16:02 EST,-4.2100067,227.34,227.475,223.82,1412867,,,,,,,
CNR,16.77,2021/11/19,16:00 EST,-0.289999,16.885,17.18,16.65,510908,,,,,,,
CNR.TO,163.68,2021/11/19,16:00 EST,0.8799896,162.11,163.95,161.91,642863,,,,,,,
COP,69.61,2021/11/19,16:00 EST,-3.1100006,70.92,71.3,69.41,8817836,,,,,,,
COST,533.79,2021/11/19,16:00 EST,4.419983,534.08,535.1999,528.01,1913681,,,,,,,
COTY,10.35,2021/11/19,16:00 EST,-0.42000008,10.68,10.85,10.34,9778534,,,,,,,
CRM,301.17,2021/11/19,16:00 EST,-1.8199768,305.71,306.0,301.1,4758869,,,,,,,
CRSR,24.58,2021/11/19,16:00 EST,-0.39999962,24.72,24.98,24.4167,1904936,,,,,,,
CRWD,257.63,2021/11/19,16:00 EST,-7.0899963,269.4,269.66,256.91,2587219,,,,,,,
CS,9.79,2021/11/19,16:00 EST,-0.32999992,9.83,9.87,9.725,5443771,,,,,,,
CSCO,53.25,2021/11/19,16:00 EST,-0.38000107,53.545,53.69,52.7801,30030780,,,,,,,
CURI,8.03,2021/11/19,16:00 EST,-0.32000065,8.3,8.5,7.97,598637,,,,,,,
CVX,111.91,2021/11/19,16:02 EST,-2.5399933,112.51,113.15,111.1,13538019,,,,,,,
CWH,42.36,2021/11/19,16:00 EST,-1.4300003,43.34,44.32,42.31,768623,,,,,,,
D,74.19,2021/11/19,16:02 EST,-1.0,75.41,75.41,74.14,5532062,,,,,,,
DAL,39.69,2021/11/19,16:00 EST,-0.4300003,39.77,39.93,38.885,15040070,,,,,,,
DBX,25.03,2021/11/19,16:00 EST,-0.5999985,25.75,25.825,24.99,4525020,,,,,,,
DDD,24.3,2021/11/19,16:00 EST,-0.22000122,24.2,24.66,24.07,1945184,,,,,,,
DDOG,192.6,2021/11/19,16:00 EST,2.0,197.6962,197.8605,192.0,2446622,,,,,,,
DENN,14.49,2021/11/19,16:00 EST,-0.40999985,14.685,14.77,14.46,563626,,,,,,,
DIS,154.0,2021/11/19,16:02 EST,-1.5800018,155.02,155.21,152.77,16776492,,,,,,,
DKNG,36.14,2021/11/19,16:00 EST,-0.47999954,36.62,37.57,35.92,14870939,,,,,,,
DOCN,128.53,2021/11/19,16:00 EST,0.5200043,130.0,133.4,127.7328,1091021,,,,,,,
DOCU,263.34,2021/11/19,16:00 EST,-0.83999634,267.9247,275.54,263.11,1265661,,,,,,,
DOMO,84.46,2021/11/19,16:00 EST,-2.3199997,87.34,89.48,84.34,272805,,,,,,,
DXCM,641.18,2021/11/19,16:00 EST,-7.2299805,653.58,654.02,634.22,566978,,,,,,,
ECL,234.86,2021/11/19,16:04 EST,3.9799957,230.9,236.56,230.2,709559,,,,,,,
ENPH,267.74,2021/11/19,16:00 EST,13.2599945,255.83,272.0,255.0222,2721858,,,,,,,
ERJ,14.77,2021/11/19,16:00 EST,-0.45999908,15.23,15.37,14.7249,3359096,,,,,,,
ESTC,175.22,2021/11/19,16:00 EST,-4.2599945,175.24,182.5,174.02,617391,,,,,,,
ETH-CAD,5534.3877,2021/11/21,21:23 UTC,-80.354004,5576.388,5581.2246,5446.584,17094371328,,,,,,,
ETN,172.3,2021/11/19,16:00 EST,-1.0200043,173.38,173.81,171.92,1334167,,,,,,,
ETSY,294.38,2021/11/19,16:00 EST,4.110016,295.8732,299.8,293.46,2283471,,,,,,,
F,19.39,2021/11/19,16:02 EST,-0.17000008,19.64,19.6669,19.24,64610377,,,,,,,
FB,345.3,2021/11/19,16:00 EST,6.6099854,342.2,352.09,339.9,26488541,,,,,,,
FISV,100.06,2021/11/19,16:00 EST,-1.1900024,101.28,101.66,99.675,6572826,,,,,,,
FMAC,9.89,2021/11/19,16:00 EST,0.010000229,9.87,9.9,9.87,89364,,,,,,,
FROG,35.03,2021/11/19,16:00 EST,-0.5600014,35.55,35.86,34.9,790593,,,,,,,
FSLY,43.92,2021/11/19,16:00 EST,-1.5300026,45.85,46.49,43.8401,2124198,,,,,,,
FUBO,21.42,2021/11/19,16:00 EST,-0.5799999,21.85,22.5899,21.27,7650050,,,,,,,
FVRR,162.21,2021/11/19,16:00 EST,-4.3899994,166.82,171.05,161.94,837386,,,,,,,
GAN,10.86,2021/11/19,16:00 EST,-0.52000046,11.19,11.42,10.77,2267794,,,,,,,
GE,99.96,2021/11/19,16:00 EST,-0.7099991,99.8,100.74,99.3,6605069,,,,,,,
GFL,40.28,2021/11/19,16:00 EST,-1.6100006,38.01,40.52,37.63,4429060,,,,,,,
GGAL,9.58,2021/11/19,16:00 EST,-0.60999966,10.12,10.275,9.55,1000663,,,,,,,
GM,61.8,2021/11/19,16:00 EST,-0.5300026,62.48,62.9699,61.56,19520640,,,,,,,
GME,228.8,2021/11/19,16:00 EST,18.680008,209.14,229.39,208.2524,3043720,,,,,,,
GNUS,1.3,2021/11/19,16:00 EST,-0.0200001,1.32,1.34,1.3,4584967,,,,,,,
GOOG,2999.05,2021/11/19,16:00 EST,-15.129883,3020.0,3036.33,2997.87,989148,,,,,,,
GRPN,24.09,2021/11/19,16:00 EST,-1.539999,25.46,25.46,24.0529,847750,,,,,,,
GRUB,14.25,2021/11/19,16:00 EST,0.60999966,14.19,14.46,14.16,2413990,,,,,,,
GS,387.39,2021/11/19,16:00 EST,-3.9799805,382.38,390.24,381.04,2611891,,,,,,,
GSY.TO,193.51,2021/11/19,16:00 EST,-0.040008545,193.51,194.49,188.73,72768,,,,,,,
GWW,482.62,2021/11/19,16:00 EST,0.3500061,483.37,485.47,479.84,213571,,,,,,,
HAS,100.48,2021/11/19,16:00 EST,0.6500015,100.0,100.6,99.33,634950,,,,,,,
HD,408.69,2021/11/19,16:00 EST,2.8399963,407.63,410.1,404.1101,3541964,,,,,,,
HLT,144.37,2021/11/19,16:02 EST,0.7799988,140.73,145.14,137.085,3014526,,,,,,,
HNST,8.45,2021/11/19,16:00 EST,-0.22000027,8.58,8.75,8.42,2613514,,,,,,,
HOOD,28.99,2021/11/19,16:00 EST,-1.5400009,30.3,30.8,28.8,14289543,,,,,,,
HYLN,6.92,2021/11/19,16:00 EST,-0.17999983,6.97,7.12,6.92,1879955,,,,,,,
IBKR,74.56,2021/11/19,16:00 EST,-0.09000397,74.23,75.75,74.27,905310,,,,,,,
IGT,27.57,2021/11/19,16:00 EST,-1.3400002,28.635,28.85,27.49,3525661,,,,,,,
INTC,49.52,2021/11/19,16:00 EST,-0.15999985,49.6,49.73,49.24,27607603,,,,,,,
IPOF,10.26,2021/11/19,16:00 EST,-0.029999733,10.29,10.35,10.24,1716908,,,,,,,
JNJ,162.89,2021/11/19,16:00 EST,0.4900055,163.04,163.19,161.78,7628928,,,,,,,
JPM,160.92,2021/11/19,16:00 EST,-2.130005,161.3,162.11,159.45,12193634,,,,,,,
JWN,32.74,2021/11/19,16:00 EST,-2.25,34.38,34.65,32.58,4344808,,,,,,,
K,61.93,2021/11/19,16:00 EST,-0.47999954,62.72,62.954,61.9,1677273,,,,,,,
KO,55.13,2021/11/19,16:00 EST,-0.27999878,55.44,55.485,54.9047,15813660,,,,,,,
KR,40.89,2021/11/19,16:00 EST,-0.51000214,41.51,41.89,40.75,7031502,,,,,,,
KSS,57.01,2021/11/19,16:00 EST,-5.470001,62.08,62.08,56.79,7877578,,,,,,,
KTOS,20.22,2021/11/19,16:00 EST,-0.5799999,20.51,20.68,20.0,1198367,,,,,,,
LCID,55.21,2021/11/19,16:00 EST,8.16,47.16,55.4,47.15,166718725,,,,,,,
LGF-A,16.35,2021/11/19,16:00 EST,-1.51,17.6,17.65,16.28,950474,,,,,,,
LLNW,3.17,2021/11/19,16:00 EST,0.00999999,3.13,3.27,3.065,1471523,,,,,,,
LMAT,51.89,2021/11/19,16:00 EST,0.30999756,50.88,54.29,50.88,92987,,,,,,,
LMND,52.82,2021/11/19,16:00 EST,-1.25,53.0,55.9749,52.82,2080208,,,,,,,
LMT,341.44,2021/11/19,16:05 EST,-0.63998413,340.88,343.0,339.35,1426637,,,,,,,
LORL,41.52,2021/11/18,16:00 EST,-3.2200012,44.75,44.75,41.4601,598613,,,,,,,
LOW,249.52,2021/11/19,16:03 EST,2.1399994,247.77,250.74,245.75,3685521,,,,,,,
LSPD,58.15,2021/11/19,16:00 EST,-4.8499985,62.27,62.49,57.7,3506744,,,,,,,
LVS,38.26,2021/11/19,16:00 EST,-0.29000092,38.02,38.785,37.82,9716329,,,,,,,
LYFT,47.51,2021/11/19,16:00 EST,-1.7800026,48.8,48.8,47.29,4665560,,,,,,,
M,34.71,2021/11/19,16:00 EST,-2.6599998,37.16,37.71,34.6,28138095,,,,,,,
MA,339.72,2021/11/19,16:00 EST,-8.5,346.0,346.65,339.13,6957896,,,,,,,
MAPS,7.83,2021/11/19,16:00 EST,-0.27000046,8.17,8.28,7.61,1310888,,,,,,,
MAT,22.65,2021/11/19,16:00 EST,-0.010000229,22.56,22.89,22.56,1635727,,,,,,,
MAXR,29.93,2021/11/19,16:00 EST,-1.0900002,30.54,31.26,29.6132,818305,,,,,,,
MCD,251.95,2021/11/19,16:00 EST,-1.5299988,253.29,253.32,250.225,2743402,,,,,,,
MCK,220.9,2021/11/19,16:02 EST,-4.5400085,226.0,227.87,220.515,1077992,,,,,,,
MDB,569.77,2021/11/19,16:00 EST,1.9800415,573.92,580.0,562.195,502724,,,,,,,
MDLZ,60.52,2021/11/19,16:00 EST,-1.8199997,62.6,62.49,60.44,10543326,,,,,,,
MMM,179.23,2021/11/19,16:02 EST,0.45999146,179.44,180.81,178.12,2482658,,,,,,,
MP,42.7,2021/11/19,16:00 EST,-0.84000015,43.2,43.9074,42.14,1501746,,,,,,,
MQ,23.88,2021/11/19,16:00 EST,-0.0700016,23.77,24.06,22.96,8359782,,,,,,,
MRK,80.7,2021/11/19,16:03 EST,-2.350006,82.37,82.75,80.62,17584800,,,,,,,
MRNA,263.78,2021/11/19,16:00 EST,12.369995,265.415,274.84,258.09,15623995,,,,,,,
MSFT,343.11,2021/11/19,16:00 EST,1.8399963,342.64,345.1,342.25,21963433,,,,,,,
MSOS,28.52,2021/11/19,16:00 EST,-0.5100002,29.2,29.2,28.32,1269515,,,,,,,
MTTR,27.86,2021/11/19,16:00 EST,0.460001,27.22,28.73,26.41,4122576,,,,,,,
MU,83.03,2021/11/19,16:00 EST,6.010002,78.93,83.86,78.93,47216140,,,,,,,
MYNA,17.69,2021/11/19,16:00 EST,-0.5,17.65,17.82,17.17,109065,,,,,,,
NCLH,23.09,2021/11/19,16:00 EST,-0.49,23.105,23.68,22.71,28171093,,,,,,,
NET,211.04,2021/11/19,16:00 EST,-6.2100067,216.8,220.79,210.94,2512732,,,,,,,
NFLX,678.8,2021/11/19,16:00 EST,-3.2200317,692.35,694.15,675.04,2614852,,,,,,,
NIO,38.66,2021/11/19,16:02 EST,0.25,38.59,39.0999,38.0,30069135,,,,,,,
NKE,174.88,2021/11/19,16:00 EST,3.5299988,172.15,177.2,170.53,6146405,,,,,,,
NKLA,11.86,2021/11/19,16:00 EST,-0.5300007,12.2,12.2,11.82,13580018,,,,,,,
NTAP,86.0,2021/11/19,16:00 EST,-1.3199997,87.73,87.73,85.9727,1899632,,,,,,,
NVDA,329.85,2021/11/19,16:00 EST,13.100006,322.43,330.87,319.05,53386700,,,,,,,
NVTA,18.89,2021/11/19,16:00 EST,-0.4300003,19.22,19.7927,18.8,4407943,,,,,,,
OCGN,7.72,2021/11/19,16:00 EST,0.45999956,7.26,8.11,7.17,22243474,,,,,,,
OKTA,240.68,2021/11/19,16:00 EST,-23.710022,264.35,264.39,239.91,3027766,,,,,,,
OPEN,19.73,2021/11/19,16:00 EST,-0.90999985,20.628,20.7,19.61,10654204,,,,,,,
ORCL,93.97,2021/11/19,16:02 EST,-0.69000244,94.81,96.96,93.94,8938025,,,,,,,
OSTK,107.93,2021/11/19,16:00 EST,1.2600021,106.23,110.63,106.23,861841,,,,,,,
OXY,29.12,2021/11/19,16:00 EST,-1.5199986,29.54,29.93,28.81,19311137,,,,,,,
PANW,530.34,2021/11/19,16:00 EST,10.350037,537.2,545.89,510.0001,3832614,,,,,,,
PAYC,470.52,2021/11/19,16:04 EST,1.1199951,474.38,475.19,463.71,323619,,,,,,,
PCAR,86.37,2021/11/19,16:00 EST,-0.6100006,86.86,86.94,85.44,1578187,,,,,,,
PENN,52.42,2021/11/19,16:00 EST,-0.12000275,51.8,53.49,51.575,6116572,,,,,,,
PEP,163.81,2021/11/19,16:00 EST,0.3899994,164.5,165.0269,163.46,5247740,,,,,,,
PETS,29.43,2021/11/19,16:00 EST,-0.059999466,29.35,29.95,29.22,344791,,,,,,,
PFE,50.8,2021/11/19,16:02 EST,-0.6100006,51.96,52.835,50.68,47966183,,,,,,,
PG,146.82,2021/11/19,16:02 EST,-0.2999878,147.95,148.23,146.79,6274297,,,,,,,
PINS,44.76,2021/11/19,16:00 EST,-1.2400017,45.94,46.57,44.35,6940705,,,,,,,
PLAY,36.42,2021/11/19,16:00 EST,-1.7000008,37.35,37.525,36.33,1015972,,,,,,,
PLNHF,4.2,2021/11/19,15:59 EST,-0.25,4.195,4.6,4.1842,248703,,,,,,,
PLNT,90.04,2021/11/19,16:00 EST,-0.98999786,89.42,90.995,88.22,1102820,,,,,,,
PLTR,21.41,2021/11/19,16:00 EST,-0.09000015,21.6,21.96,21.3,30013125,,,,,,,
POSH,19.55,2021/11/19,16:00 EST,-0.40999985,19.89,20.34,19.47,597196,,,,,,,
PSFE,3.9,2021/11/19,16:00 EST,-0.0999999,3.97,4.0499,3.86,16725568,,,,,,,
PSHZF,40.775,2021/11/19,15:58 EST,-0.114997864,41.1474,41.1474,40.5,4437,,,,,,,
PSTH,20.28,2021/11/19,16:00 EST,0.030000687,20.25,20.31,20.18,4102210,,,,,,,
PTON,47.14,2021/11/19,16:00 EST,-1.2600021,49.55,50.0795,47.0,12695110,,,,,,,
PYPL,193.61,2021/11/19,16:00 EST,-6.8899994,202.19,202.5,193.08,24607544,,,,,,,
PZZA,133.06,2021/11/19,16:00 EST,1.2799988,131.78,133.98,131.78,290497,,,,,,,
QCOM,185.0,2021/11/19,16:00 EST,-1.3200073,184.69,186.6,182.3,11891472,,,,,,,
QSR,57.21,2021/11/19,16:00 EST,0.32999802,56.5,57.27,56.35,1263102,,,,,,,
RAIL,3.79,2021/11/19,16:00 EST,-0.22000027,4.02,4.07,3.76,639435,,,,,,,
RBLX,134.72,2021/11/19,16:01 EST,8.599998,129.87,138.2,128.54,38313168,,,,,,,
RDFN,44.17,2021/11/19,16:00 EST,-0.23000336,44.855,45.0,43.9301,1138562,,,,,,,
REGN,652.68,2021/11/19,16:00 EST,4.169983,652.43,657.56,646.37,605712,,,,,,,
REI-UN.TO,22.84,2021/11/19,16:00 EST,0.09000015,22.64,22.91,22.64,1300914,,,,,,,
RIG,2.98,2021/11/19,16:00 EST,-0.1500001,3.0,3.1,2.9535,24217898,,,,,,,
RIVN,128.6,2021/11/19,16:00 EST,5.220009,129.98,139.9,125.6,49479450,,,,,,,
RKT,15.42,2021/11/19,16:00 EST,-0.18999958,15.54,15.9,15.405,3379536,,,,,,,
ROKU,234.1,2021/11/19,16:00 EST,-1.75,240.59,243.5699,233.86,4520534,,,,,,,
ROOT,4.49,2021/11/19,16:00 EST,0.059999943,4.4,4.74,4.39,3331794,,,,,,,
RXT,15.35,2021/11/19,16:00 EST,-1.0100002,16.05,16.12,14.9,1418652,,,,,,,
RY,104.34,2021/11/19,16:00 EST,-0.29000092,104.01,104.53,103.32,1339667,,,,,,,
RYCEY,1.79,2021/11/19,15:59 EST,-0.08000004,1.8,1.81,1.78,4160589,,,,,,,
S,70.3,2021/11/19,16:00 EST,-1.8299942,72.87,75.5,70.07,1299855,,,,,,,
SAM,464.75,2021/11/19,16:00 EST,-7.450012,468.94,478.17,462.86,266826,,,,,,,
SAP,140.95,2021/11/19,16:00 EST,-1.5299988,142.38,142.88,140.77,562953,,,,,,,
SBUX,110.78,2021/11/19,16:00 EST,-2.1200027,112.729,112.9,109.77,6922803,,,,,,,
SDC,3.63,2021/11/19,16:00 EST,-0.059999943,3.67,3.72,3.59,6266379,,,,,,,
SFIX,28.58,2021/11/19,16:00 EST,-1.6200008,29.98,30.36,28.45,1605533,,,,,,,
SFT,5.13,2021/11/19,16:00 EST,-0.2999997,5.4,5.49,5.11,4018299,,,,,,,
SHAK,81.93,2021/11/19,16:00 EST,-1.0100021,81.67,82.765,80.42,650706,,,,,,,
SHOP,1690.6,2021/11/19,16:00 EST,9.299927,1718.0,1762.9185,1685.095,1507021,,,,,,,
SHW,332.25,2021/11/19,16:00 EST,1.5100098,331.92,334.77,329.32,1355848,,,,,,,
SIX,40.74,2021/11/19,16:00 EST,-1.7599983,41.8,42.115,40.47,1953335,,,,,,,
SKYY,115.65,2021/11/19,16:00 EST,-1.3399963,117.42,117.75,115.61,190167,,,,,,,
SNAP,51.32,2021/11/19,16:00 EST,-2.1500015,53.93,53.93,50.76,18095040,,,,,,,
SNOW,392.15,2021/11/19,16:00 EST,-5.279999,395.0,400.6034,390.55,2335032,,,,,,,
SOFI,20.37,2021/11/19,16:00 EST,-0.19999886,20.11,21.1,19.94,25321247,,,,,,,
SONO,31.73,2021/11/19,16:00 EST,-1.3400002,32.93,33.65,31.6,4579496,,,,,,,
SPCE,17.25,2021/11/19,16:00 EST,-0.12999916,17.4,17.71,17.06,8673760,,,,,,,
SPG,166.74,2021/11/19,16:00 EST,-2.6399994,167.91,168.475,165.86,1816548,,,,,,,
SPLK,132.49,2021/11/19,16:00 EST,-3.569992,138.12,138.12,132.35,2626379,,,,,,,
SPOT,259.55,2021/11/19,16:00 EST,-3.8200073,263.27,266.91,258.07,799787,,,,,,,
SPT,129.23,2021/11/19,16:00 EST,-3.75,134.49,139.75,128.92,336189,,,,,,,
SQ,225.14,2021/11/19,16:00 EST,-5.2100067,228.63,229.99,224.09,7451097,,,,,,,
SWBI,23.62,2021/11/19,16:00 EST,0.16000175,23.45,24.26,23.13,1183204,,,,,,,
SWI,15.41,2021/11/19,16:00 EST,-0.34000015,15.82,16.01,15.35,513271,,,,,,,
SWKS,160.71,2021/11/19,16:00 EST,-2.399994,162.44,163.1721,160.51,1688523,,,,,,,
T,24.13,2021/11/19,16:02 EST,-0.26000023,24.32,24.34,23.96,50469648,,,,,,,
TAN,98.12,2021/11/19,16:00 EST,3.1100006,94.87,98.995,94.87,1779154,,,,,,,
TAP,45.91,2021/11/19,16:02 EST,-0.6100006,46.29,46.47,45.55,1069661,,,,,,,
TASK,49.79,2021/11/19,16:00 EST,-4.619999,54.19,55.79,49.34,1246028,,,,,,,
TEVA,8.88,2021/11/19,16:00 EST,-0.10999966,8.9,8.98,8.81,7219495,,,,,,,
TFII,108.83,2021/11/19,16:00 EST,2.0,106.87,109.08,106.35,210912,,,,,,,
TGT,250.7,2021/11/19,16:05 EST,-1.3500061,251.1,253.88,250.41,3965907,,,,,,,
TLT,148.36,2021/11/19,16:00 EST,1.550003,147.58,148.595,147.59,14022924,,,,,,,
TM,185.96,2021/11/19,16:00 EST,1.3100128,185.36,186.3,185.26,197419,,,,,,,
TMUS,115.62,2021/11/19,16:00 EST,-1.3600006,117.01,117.01,114.38,5741633,,,,,,,
TOY.TO,48.96,2021/11/19,16:00 EST,-0.13999939,49.1,49.63,48.69,35226,,,,,,,
TSLA,1137.06,2021/11/19,16:00 EST,40.680054,1098.87,1138.7198,1092.7001,21642264,,,,,,,
TSM,124.26,2021/11/19,16:00 EST,0.87000275,122.03,124.8,122.02,9076350,,,,,,,
TTCF,17.5,2021/11/19,16:00 EST,0.35000038,16.95,17.5979,16.95,1251620,,,,,,,
TTD,107.79,2021/11/19,16:00 EST,2.3199997,108.23,110.6299,107.04,4365393,,,,,,,
TTWO,170.5,2021/11/19,16:00 EST,-3.5,175.82,177.14,170.27,1651755,,,,,,,
TUP,15.85,2021/11/19,16:00 EST,-0.8299999,16.39,16.78,15.7672,711684,,,,,,,
TWLO,285.0,2021/11/19,16:00 EST,-5.98999,292.33,295.0128,284.82,2278563,,,,,,,
TWTR,48.4,2021/11/19,16:04 EST,-0.19999695,49.12,50.37,48.4,26162364,,,,,,,
TXN,195.16,2021/11/19,16:00 EST,1.6900024,193.8936,195.25,192.615,5133458,,,,,,,
U,189.75,2021/11/19,16:00 EST,-11.37,198.69,199.5699,188.26,6567881,,,,,,,
UA,22.63,2021/11/19,16:03 EST,0.02999878,22.48,22.94,22.39,2361909,,,,,,,
UAL,46.11,2021/11/19,16:00 EST,-1.3199997,46.5377,46.53,45.2201,17013976,,,,,,,
UBER,44.23,2021/11/19,16:00 EST,-0.77000046,43.93,44.72,43.5,21465519,,,,,,,
ULTA,407.71,2021/11/19,16:00 EST,2.0599976,406.35,410.55,400.3762,517934,,,,,,,
UPS,208.47,2021/11/19,16:02 EST,2.0200043,207.73,210.67,206.3,2678289,,,,,,,
UPST,206.97,2021/11/19,16:00 EST,-19.399994,227.52,228.63,205.29,6476804,,,,,,,
UPWK,40.96,2021/11/19,16:00 EST,-1.1900024,42.7,42.79,40.81,1437475,,,,,,,
V,200.86,2021/11/19,16:00 EST,-2.4700012,202.04,203.5,199.85,18038726,,,,,,,
VBK,293.73,2021/11/19,16:00 EST,-1.7399902,294.92,296.07,293.46,312987,,,,,,,
VEEV,305.14,2021/11/19,16:00 EST,-2.269989,307.9,310.75,304.46,457183,,,,,,,
VSAT,48.82,2021/11/19,16:00 EST,-1.9300003,49.76,51.04,48.625,637001,,,,,,,
VSCO,55.43,2021/11/19,16:04 EST,-2.4799995,56.01,56.6,54.74,1830346,,,,,,,
VSTO,47.17,2021/11/19,16:00 EST,0.11999893,46.65,47.32,46.5,467786,,,,,,,
VZ,50.86,2021/11/19,16:00 EST,-0.38000107,51.28,51.315,50.67,21105212,,,,,,,
WBA,46.98,2021/11/19,16:00 EST,-0.84000015,47.89,47.9,46.845,7619256,,,,,,,
WCLD,61.21,2021/11/19,16:00 EST,-0.9300003,62.31,62.7135,61.1801,241791,,,,,,,
WD,151.6,2021/11/19,16:00 EST,0.66000366,149.25,154.07,149.2019,108454,,,,,,,
WDC,56.02,2021/11/19,16:00 EST,0.3199997,55.7,57.56,55.04,4456074,,,,,,,
WHR,229.29,2021/11/19,16:05 EST,-0.320007,230.11,232.78,229.23,404520,,,,,,,
WING,176.87,2021/11/19,16:00 EST,4.9299927,172.06,177.69,171.7375,328648,,,,,,,
WISH,4.25,2021/11/19,16:00 EST,-0.13999987,4.41,4.49,4.25,20921045,,,,,,,
WM,163.39,2021/11/19,16:00 EST,-1.10001,164.83,165.52,162.59,1881534,,,,,,,
WMT,142.39,2021/11/19,16:00 EST,-0.770004,143.62,143.99,141.95,9380728,,,,,,,
WOOF,20.9,2021/11/19,16:00 EST,-0.55000114,21.56,21.62,20.7701,3531405,,,,,,,
WYNN,90.71,2021/11/19,16:00 EST,0.22999573,90.66,92.29,89.45,2610764,,,,,,,
XOM,60.67,2021/11/19,16:02 EST,-2.94,61.89,62.03,60.41,32035483,,,,,,,
Z,56.11,2021/11/19,16:00 EST,-0.97999954,56.955,58.09,55.89,6427826,,,,,,,
ZM,251.3,2021/11/19,16:00 EST,-4.449997,262.24,265.18,249.33,3882732,,,,,,,
ZNGA,6.58,2021/11/19,16:00 EST,-0.059999943,6.71,6.84,6.535,22160742,,,,,,,
ZS,368.78,2021/11/19,16:00 EST,3.130005,372.5,375.99,367.55,1825285,,,,,,,
